16years	although	emotional	fan	golden	lord	loving	reeves	relaxed	singers	vouch
angel	forgotten	kid	listened	mist
17	around	comforting	early	find	forgot	gentle	graduated	grew	grow	jesus	job	leave	loving	mr	pretensions	reeves	simple	smooth	sounds	sweet	town
1st	2nd	30	47	blessing	convince	december	granted	greatest	hope	later	leave	lou	marry	mary	nam	pray	reality	receive	served	tour	viet
everyday
appreciate	child	cry	death	fear	funerals	reeves	reminded	rip	souls	touches
70	changes	didn	reeves	teenager	things
71	also	comes	feeling	listened	nostalgic	puts	reeves	since	tunes
wherever
close	king	number	place	taking
anytime	begin	bet	future	generation	goes	hit	ill	new
18	1966	47	67	able	aisle	apc	babies	both	cry	dianne	down	driver	foreboding	girlfriend	gunner	hawaii	high	inducted	into	june	knowledge	laid	later	married	marry	might	months	rpg	senior	texas	took	usmc	walk	wedding
1964	also	before	charity	colour	concert	death	dvd	few	interviewed	june	length	norway	picked	rare	shop	weeks
47	contents	follow	grew	lord	muslim	places	praise	praises	reeves	seen	sure	type	universal	words
64	father	reeves
beared	coffin	crematorium	father	favorites	into	late	meaning	special	top	tribute
100	29	albums	along	australia	boxer	college	daddy	eric	generation	grandma	grandpa	guess	least	maybe	mine	mr	mummy	myanmar	next	presented	reeves	sir	top	which
grew	lane	memory	reeves
1970	cry	dance	favourites	grandfather	grandparents	hearing	jukebox	pub
fine	gentleman	parents	player	record	tune	tunes
44yr	album	drift	reeves
60	early	england	fantastic	john	listened	lot	reeves
entertainment	nothing
blues	rhythm	rock	roll	soul
baby	blow	guaranteed	mind	part	roller	steam
absolutely	lord	off	showing
1966	coming
father	kid	lps	player	record	reeves
1966	born	everyone	missed	number
remembering
children	comfort	lot	parents
bring	candy	fond	momma	oldies
different	enjoy	familys	generations	quality	true
any	anytime	distant	drums	emotions	especially	eved	overcome	reeves	teary
known
dance	goosebumps
cannot	child	furniture	gramaphone	grandparents	house	itself	piece	replicated	rose	small	somehow	sound	suited	tone	vacuum	valves	wood
die	mother	sounds	word
both	boy	each	everytime	hums	late
59	almost	crash	death	live	plane	reeves	shattered	singers	untimely
lovey	singers
60	melts	prepare	rocker	sound	usually
army	home	join	left	piece	player	record	reeves	sure	till	told	wore
absolutely	appreciate	boast	brilliant	element	enjoyed	least	older	posting	yes
peter	remind	served	thinking	while
across	appreciation	innocent	live	reeves	rightly	thread	united	ve
40years	boy	drinks	few	house	live	party	reeves
captured	died	everyone	favourite	hrs	last	reliving	sadly	shares	spent
10	correctly	crash	died	disc	jockey	mr	news	plane	reeves	said	wire
boy	elder	favorites	interpretation	mother	number	plausible	put	raise	says	sisters	someone	three	tom	treat	whose	wig
1960s	boy	brought	early	knew
boy
1967	anyone	around	audio	autobiography	book	erudite	fantastic	pete	rather	reading	recommend	right	spoken
30	47	australia	blue	caught	child	hearing	husband	started	straight	sung	western	whilst	words
asked	both	father	going	gone	into	law	loving	mary	mother	name	war
gentleman	mary	name
another	calling	dear	different	distant	drums	flowing	gone	meaning	oh	reeves	sound	tears
give	kid	soon	taken
awesome	bless	distant	drums	inverness	jims	listened	since	teens
drumming	known	lifts	sensational
before	rhythm
genesis	punk	rock
changed	controlling	four	mine	name	parents	three
asked	friends	seen	something	started	stop
100	along	beatles	dylan	even	stones
album	doubt	greatest	handedly	single	story	tommy	unbelievable	weird	work
cafe
2006	cry	frequently	grandmother	hearing	listened	quite	september	since	thinking	want
parents
60s	70s	big	breakfast	bring	dean	does	early	fix	gosh	hank	jimmy	jones	late	morning	nearly	pancakes	put	reeves	sausage	sunday	williams
cash	granddad	johnny	liked	reeves
barry	brilliant	done	mix	motown	orchestra	palmer	robert	unlimited	ve	white
arranged	beautifully	during	enough	era	kind	knowing	labor	live	lucky	produced	record	smile	written
builds	crescendo	favorites	magnificent	matched	rarely
track
band	broken	fell	hearted	hit	home	road
around	awesome	cheer	down	face	grin	lane	live	memory	other	trip
60s	90s	95	alive	appreciate	around	cut	enjoy	enthusiastic	folks	grown	hardly	magic	meaning	oh	playing	short	something	talking	through	uhh	wanna
hanging	sure	throw
anyone	beat	does	drummer	find
31	babe	husbands	joke	months	rip	since	use	yrs
1974	brilliant	last	remind	wen
fell	gosh	oh	sweet	tune	youth
arrangements	arrangers	background	classics	credit	deserved	dramatic	orchestrators	pop	powerful	probably	sharing	work	youth
before	dropped	found	let	trailer	week
any	cause	must	other	parents	phones
called	camels	desert	east	job	let	lol	middle	parts	saw	side	till	trailer	wondered
70	94	az	fm	gold	graffiti	jack	kool	phoenix	posting	show	weekend
thought
lady	north	oahu	shore	special	sunset	watching
42	attention	broke	choose	competing	growing	guy	ladies	other	reconnected	turned
hears	words
look	told
live	singers
1990	bawled	beatles	broke	checking	eyes	gate	guardhouse	lump	sight	throat	together	wife	work	youtube
along	cry	emotion	family	king	live	pics	single
generation	generations	lived	prefer
everytime	funeral	grandma	head
before	guess	late	leave	someone	tell
care	chance	give	hard	keep	lost	met	ones	pushing	satisfied	showing
everything	imagine	live	side
able	fulfill	gentle	left	lisa	marie	princilla	soul	started	wrong
10	broke	later	loving	regret	relationship	ruined	should	transparent	woman
jackson	michael	presley
awesome	greatest	loss
16	ve
alone	any	die	going	grew	hard	learned	probably	relationship	say	show	things	told	whenever	woman
along	blessed	both	curled	deep	fathers	give	glad	lap	mary	receive	sat	shared	showing	sung	together	welsh	while
reminded	usa	which	youthful
baritone	everytime	golden	growing	nostalgic	swoon
barbiedolly	before	didn	glich	maybe	meant
11	adults	announcement	around	aunt	died	family	into	kitchen	shock	shocked	standing	tv	watching
2nd	build	grade	memory	movie	treasure	youth
attention	joint	pay	relates	situations
given	helps	inspirational
child	rip	sweet
eyes	tears
bass	brothers	david	forget	funk	give	greatest	jamie	jamison	levi	marvin	motown	others	smokey	stubbs	tops	troubled	underrated	voices
45	67	alive	bought	motown	record	sound
legend	power	seventeen	soul	vocal
19
17	davis	goes	maybe	primary	son	spencer	steve	teacher	while	winwood	wrote
16	believe	hard	said	someone
blow	tried	tune
black	natural	soul	thing
black	college	fantastic	group	guys	probably	soul	steve	teens	thought	winwood
aren	band	popular	recognized	shame	smashing
60	70	fantastic	rock
60	comments	idea	read	stevie	until	winwood
14	17	boot	fantastic	mono	stereo	steve	winwood
100	absolutely	excellence	gold	line	masterpiece	phenomenal	pure	solid	sound	standard	talent	top
appreciated	beyond	few	invent	machine	please	realize	somebody	soulful	steve	teens	under	virtuoso	younger
sure	thats
1967	aint	nothing	nowadays	peace	touch
case	give	point	rest	shot	told
discover	fabulous	group	often	share
22	60	adaline	ask	band	brought	daughter	enjoying	evening	movie	viewing	youngest
francisco	san
bad	merle
before	executed	exists	family	home	past	reminiscing	tells
died	laura	name	wife
14	grandma	introduced	shall
16	clearly	dancing	mama
everyday	hearts	laura	longer	name	remains
80s	depressing	early	kid	tape	thing	thinking
banger	cars	meeting	race	racing
11	cd	grandad	learned	listens	lost	sadly	words
laura	name	thomas	tommy	wifes
1993	como	italia	laura	turn
1960	finest	hit	single	singles	stands
afterwords	happened	hit	lost	though	wonder
work
bring	changed	daughter	dont	even	eyes	growing	im	late	later	leoni	name	obviously	stuck	tears	teens	thats	toddler	tunes	which
enjoy	relax
friend	keeps	laura	name
dads	favourite	last	lost	singers
absolutely	artist	grandfathers	reeves
dear	distant	drums	maybe	memory	reeves	unforgettable
appreciate	shout	teens	tunes
brilliant	highlights	tragedy
banned	bonnie	lies	lol	ocean	personally	sadder
coincidence	favourite	happens	laura	name
1960	big	charts	hit	memorable	teenager	wander	weeks
lol
cheap	compilation	decent	laura	park	pictured	skank	trailer	until
adds	anymore	comfort	create	knowing	laura	maybe	personal	sorrow	thing
14	20	90s	ask	bullshit	called	contact	courage	during	early	facebook	flowing	found	friends	happily	joking	kids	later	laura	living	married	messages	met	part	plucked	separate	true	ways	went
crap	grew	sort	words
created	forgotten	should
cases	finished	half	others	wrong
blackstone	crossroads	laura	lived	wonder
1960	21st	century	certainly	lady	vintage
any	calmer	words
child	oh	use
forget	gonna
along	grandad	grandparents	hearing	nan	reeves	rip
different	experienced	head	lot	shoulders	things	younger
bring	yesterday
bear	name	seem
caretaker	embarrassing	everyday	find	men	need	sang	sweet	tommy	usually
careful	entertainer	greatest	person	please	say	talking
concert	greatest	history
gorgeous	melt
called	king	known	rated	under
also	check	choice	completely	composure	couldn	favorites	funeral	grandad	guess	hit	home	kept	lost	mary	melancholy	named	nan	peaceful	perfect	quite	relatively	service	soon	started	thinking	throughout	uplifting	utterly	which
chronic	constant	danced	dancing	engaged	husband	live	mining	pain	reeves	worked
alive	brought	father	feelings	kid	living	lot	parents	prime	teen	younger
delivery	face	high	last	notes	part	satisfied	sings
american	artist	blues	doubt	greatest	james	lifetime	listened	may	maybe	mock	nothing	prolific	said	statement	take	taylor	thing	three	tune	ve	white	writers	written
awesome	coolest	name	person	sung
live	once	seen
appears	concert	enjoying	fine	gone	priscilla	ride
certainly	earth	fella	gorgeous	however	imaging	left	lol	looking	mark	right	rolling	soon	stunning
awesome	blues	comparison	doubt	genres	incredible	mr	presley
beginning	king	laughs	looks	side	thinking
73	alive	lord	take
background	blues	parody	period	playing
20	21	3rd	acknowledge	also	anita	anna	before	damn	depending	few	gf	grocery	hadn	hooked	house	into	knows	last	live	macias	might	moment	mother	mothers	name	oct	ran	reconnected	store	tv	watched	whether
bluesy	comfortable	definitely	down	low	roots	style
bless	friend	greatest
73	around	king	late	let	mother	stay	talk	true	watch
believe	hard	less	re
angel	artist	concerts	died	earth	effort	eyes	greatest	handsome	peace	rest	sufferience	unique
masterpiece	minutes	perfect	recoding	studio	wonder
coming	else	gone	keep	other	special	videos
cover	forget	harmonica	key	look	making	soooo	tune
absolutely	band	bless	burton	entertainer	fantastic	glen	greatest	hardin	heaven	james	tcb	vocalist	yuo
fantastic	greatest	performance
another	bone	brilliant	call	interpreter	liked	masterpiece	proof	together	work	wrong	yet
adore	biggest	handsome	history	hot	sexy
bedroom	deep	etc	forget	looks	oldie	posters	singers	surpass	tuning	videos	wall	younger
close	entertainer	greatest	peace	rest	sent
40	burton	james	must	nelson	rickey	rocks	stolen
compared	king	nothing	others	stealing
any	fantastic	favorites	gold	perfect	pure
adam	backing	barry	faith	john	orchestra	pizzicato	pop	records	strings	superb	technically	use	wasn
58	before	booth	bought	changed	chemist	local	oh
schoolboy
1965	2018	25	53	60	78	band	called	decca	fun	gets	golden	hello	included	june	knows	list	lost	might	miming	net	presidents	recording	reflection	released	rock	romance	together	trend
wasn
50s	60s	aunts	born	emotion	genuine	grew	heartfelt	late	orbison	preferred	raved	roy	sung	thought	uncles
based	feeling	generation	known	performer	popularity	roy	solely	sure	talent	ve
50	60	soul	unlike
baritone	bass	complexing	soprano	talented	tenor
6pm	become	big	called	channels	dances	even	going	group	home	hurry	kings	local	star	teen	teenage	tv	went
alone	bit	depressed	feeling	listened	lonely	right	roy
31	died	greatest	ll	rip	start
continue	enjoy	legacy	live	lonely	wil	work
agree	big	completely	converts	expression	feelings	into	stuff
16	artists	daughter	exposed	knew	loves	orbison	right	rock	roll	until
angel	blue	christmas	gram	lps	orbison	roy	stereo
16	aunt	cousin	cute	dum	everywhere	haha	lonely	lot	orbison	roy	yeh
16	begin	hope	kind	which
bless	fantastic	missed	ones	roy
1988	1989	bournemout	bournemouth	centre	december	eyes	forgotton	home	january	ll	pavillion	rip	road	roy	start	tears	tour	town	truly	uk	venue	westover
2010	both	boys	burnt	cash	die	door	down	family	henderson	house	jr	location	looking	next	performer	person	roy	sir	site	stood	tennessee	visited	yes
concert	pictures	took	visited	ya
classics	pleasure	stumble	upon
awesome	bro	brother	cat	died	few	greatest	memory	roy	stevens	thats	though	tie	whenever
cherish	forget	magnificent	orbison	roy
bless
50	60	live	rubbish
nostalgia
fantastic	grandparents
50s	60s	beat	early	late	period	totally	unique
awesome	own	range	style
listened	lot
album	boyfriend	wore
drinking	invent	live	machine	mediterranean	oh	please	self	want	wine
asked	couldn	decades	developed	different	done	impossible	interview	learned	nobody	person	probably	roy	said	sang	someone	something	style	tell	told
100	agree	live	wished
assignment	english	homework	looked	minutes	searched
1988	able	appreciation	drop	enough	father	few	front	growing	lucky	november	pin	row	roy	said	sang	seats	since	uk	unfortunatley	weeks	went
cry	dare	feelings	germany	seldom	totally	two	understand	vulnerable
any	doesn	folks	glad	hope	maybe	rock	roll	stuff
album	baby	dig	ended	find	ll	moved	re	sure	talking	through
actually
able	done	fantastic	live	lot	past	quality	revisit	singers	superb	through	took	treasure	youtube
wished
believe	junk	rock	sirius	sucks	true	youtube
disc	gold	hank	locklin	recorded	selling	single	top
ain	classics	stuff
another	believe	cramer	delivery	distinctive	floyd	ivorys	legend	locklin
25	anything	stand
able	also	anyone	artist	charts	crossed	grows	happened	impeccable	perfection	pop	pure	record	shot	sung	technically	unforgettable	which
kind	western
17	falling
oldies
banging	incredible	kitchen	recordings
grannys	party
40	50	60	anything	kid	lou	nc	raleigh	thought	top
45s	bursting	gave	grandmom	hello	home	honey	house	playing	said	take	until	walls
hearing
end	thought	yes
hits	infomercial	jukebox	tv
amen	blessing	everyone	knows	yet
1985	86	doing	during	help	kid	please	soulful	sweet
hank	hits
holiday	parents
apply	lots	navy	words
child
comment	funniest	lmao	saw	youtube
facebook	let	lie	liked	photo	post	ricky	shared	youtube
friend	laura
bad	hates	laura	mood	sister
grandparents	least	means	named	quite	something
grew	hall	party	rock	roll	teenager	town
background	barely	nowadays	words
1950s	1960s	during	grand	growing	ole	opry
60	70	entertainment	forward	late	least	lip	live	look	started	weekends
didn	friends	grandpa	serious
fogerty	john
remembering
gladys	hearing	knights
girlfriends	jukebox
john	right	tired
favorites	sharing
oh	ya	yes
favorites	posting	shame	sure
mama
1979	asked	bar	barbados	barmaid	bought	coffee	dec	disc	europe	hank	label	lp	middle	name	next	paper	pickwick	postings	rare	singin	store	unknown	wrote
brought	kind
hank	locklin	since
chair	clack	clipy	daddy	rocking	sleep	use
getting	unbelievable	younger
awesome	dies
behind	screen	sharing
fed	figure	force	kid
few
anybody	does	piano	posting	robertson
enjoy	posting
omg
eyes	gives	gold	grew	recall	tears
57	child	hood	into	remind	weeks	yes
down	fans	fashioned	keep	post
admit	eyes	water
calling	child	find	grandparents	hate	hillbilly	myself	other	parents	reason	rock	whatever
advice	once	replying	sound
matter	pop
anyone	faithful	infidelity	married	sentiment	temptation	true	uncomfortable
artists	black	night	saturday	seeing	sharing	sure	tv	white
locklin	opinion
nowadays	performance	rock	stars
27	taste
around	delivered	heads	message	minutes	records	ring	thumbs	unbelievable
anymore	happened	isn	mean
hip	let	low	meaning	pop	rap	take
bed	child	dancing	even	imagine	place	sick
500	appreciate	ask	convinced	even	stone	transplant
dance	daughter
dancing	lt	stories
55	dancing	mother	parents	posting	watching	wedding
englebert	feeling	friend	low	once
reminiscing
10	30th	70	august	learned	memory	roller	skate
everyday	family	happiness	teen
last	someone	special	waltz
62	married
drinks	family	few	friends	togethers
dance	definitely
also	handsome	touching	woo
artist	became	explain	feelings	global	legend	star	start	suddenly	superstar	true
40yrs	club	engelbert	last	night	remind	waltz
grandma	grandpa	kind	ol
playing	radiogram	records
brilliant	course	englebert	sung
bad	lot
dance	end	last	lingers	mind	must	should	until	waltz
doc	fall	peace
change
grandparents	seven	strange	understand
dancing	grandparents	hope	sweet	wherever
charge	church	liked	person	wedding	went
actually	describes	golden	melody
darling	didn
70	around	aunts	dance	end	floor	late	mid	older	receptions	twirling	uncles	wedding
englebert
bring	engelbert	humperdinck
1968	dance	gramophone	griffiths	instructions	mrs	primary	shouting	student	taking	teacher	waltz
belongs	everyone	legend	loves	sang	true
already	dance	danced	daughter	during	even	gone	hand	hands	happened	high	hold	hug	junior	last	lend	night	papa	prom	remained	saying	senior	thing	tight
70	boyfriend	sentimental	theme
dance	someday	wedding
any	compose	decades	memorable	nowadays	touching
1960s	bus	fairground	happiest	innocence	largs	pal	playing	remind	trip	waltzers	went
60	late
around	brought	dancing	family	strickly
also	any	same	whenever
any	genre
ex	girlfriend
remembering
bedroom	below	kitchen	mother	playing	sun	sunset	sweet
friend
1970	british	club	legion	tranent
60th	anniversary	danced	diamond	last	parents	wedding	weekend
1969	danced	exact	record
died
10	11	amazingly	dance	getting	mesmerizing	scale	sharing	superb	thx	undoubtedly	waltz
nostalgic
2016	before	daughter	died	mant
marvelous	tastefully
era	fell	grow	lucky	memory
concert	dream	few	true
anymore	blast	house	past	playing
15	20	far	until
11	15	2009	april	dancing	feb	jensen	june	living	remembering	room
2019	anyone	remembered
also	blasting	child	frank	full	gospel	grandma	grew	house	jones	mother	passion	presley	sinatra	tom
another	find	girlfriend	guy	kid	left
part
peace	romantic	sweetest
funny	kid	thought	yrs
everytime	granddad	phenomenal
break	everyday	lonely	start	wake	without
mother	sunday
1967	blasted	cassani	comes	course	engelbert	innamoro	into	italian	maro	melody	obscure	original	panzeri	parrot	quando	records	stratosphere
beauty	grandmother	pure	understand
artist	grew
14	cousin	family	learn	yrs
1977	kid	reminding
existed	magnificent	voices
anytime	careful	daddy
appeals	artists	found	generations	modern	sung
1968	engelbert	glad	grew	high	released
coming	daddy	father	hang	home	loves	next	omg	philippines
forget	record	walked	wife
20	child	grandfather	grandpa	heaven
any	both	cloudy	freedom	mornings	ones	presence
appear	mankind	ones	stay
listened	missed	place	rewind	something	tried
2019	flashback	gone	july	remains	uncles
bottom	cause	creator	everything	father	granddaughter	law	papa	re	right
each
called	describes	golden
2019	happened	romance	romantic
even	genre	meaning	nowadays	teen
arms	cause	hold	loving	painful	till	ve
grew	number	soulful	tired	voices
album	engelbert	humperdinck	list
cloud	computing	lost	mans
truly	uploading
break	everyday	sleep	try	wake	want
closing	eyes	help	lost	nothing	relive	remove	while	yesterday
2018	pops	someone
class	eurovision	re	recorded	should
own	self	stirs	written
fantastic	person	place	relive	sounds	special
bring	lonely	partner	please	sin	someone	sweet
looking	power	without
bless	care	family	take	wife
irreplaceable	untouchable
else	guys	off	please	profiting	someone	talent
cruel	ended	ironic	punishment	reckon	worlds	worst
lonely	without
beauty	broken	understand
anymore	appreciate	between	clip	each	everyone	far	feedback	few	hi	left	messages	read	watched
class	crafted	massively	musicians	perfectly	performed	pop	underrated
1975	take
blast	buried	deep	growing	haven	mid	mind	past	power	seventies	something	suddenly	surface	transport
child	damn	everything	felt	gave	ok	parents	reminding	secure	sharing	should	yet
right	thats
down	fantastic	lane	memory	omg	replaced	take	talk	trip
big	catchy	harmonies	hum	intro	once	pop	proper	record	tune
almost	posting	teary	vivid
70	band	catchy	magic	right	though	track	tune
brothers	sisters	uploading
nowadays	pilot	younger
dream	few	gone	happier	look	moments
guy	sings	tune
70s	class	pop	written
2019	30th	january
bringing	comparison	fore	kids	knew	looks	mattered	modern	musical	nostalgic	offerings	pale	realize	themselves	youtube
closing	evokes	front	future	spend	twenty	wishing
50s	mid	suddenly	teenager
25	afterwards	attendance	attractive	called	dairy	disco	doing	drive	driver	drivers	enjoyed	equipment	especially	fork	help	john	ladies	lift	london	lot	mobile	other	pack	parties	ran	set	sloop	stay	take	truck	turn	various	west	worked
record
70s	child	drop	emotional	middle	pilot	simpler
brought	glad	pleasure	southam
birthday	buying	record	sister
49	uploading
part	pilot
1st	any	classics	clubs	europe	germany	hey	honeymoon	in2	message	scan	tips	weeks
comments	editing	posting	watching
tune
almost	ignore	impossible	intoxicating	intro	naturally
adele	eat	etc	harmonies	singers
dance	hits	millions	should	soul
aunt	grace	remind
intro	masterpiece	match
anthony	clich	concerned	full	walsh
1st	21yr	accurate	daughters	describing	elle	especially	grace	may	name	single	tune	written
follow	harmonies	maker	number	trust	uk
12	also	any	caught	different	early	even	eye	incurable	issue	later	look	months	motown	platform	realize	rock	romantic	though	undergraduate	vividly	woman
any	intro	orchestration	ruins	tune	without
compose	guys
something	wrong
appreciated	carolinas
dying	eh	slowly	words
14	21	30	another	anyone	cheated	dated	else	let	married	marry	mary	mother	name	naver	thornwell	wait
20s	62	captivating	hi	holgmany	house	karaoke	mid	new	parties	rest	sang	soul
vocals	words
1997	59	aged	around	australia	belfast	both	child	died	drinking	incurable	left	missed	mother	murray	romantic	ruby	sadly	same	smoking	soon	sydney	victim
bless	brother	heartthrob	innocent	older	ruby	simpler
20	another	awake	barrack	bond	fellows	nights	room	said	should	stay	sunday	ted	tooting	top
60yrs	fast	gram	magical	masters	moments	putting
consolation	early	far	find	hope	katharina	learn	loss	sorry	sweet
50	60	80	heaven	proper	ruby	singers	youtube
hit	should	usa
13	died	mums
76	aussie	fan	keen	mad	sure
retarded
greatest	lady	teresa
brewer	evening	fantastic	hill	mockingbird	ms	spend	talented	woman
looked	sounded
50	alongs	bird	brewer	covers	dinah	early	ford	hill	hits	instead	interpretation	into	late	les	lullaby	mary	miller	missed	mitch	mocking	original	page	patti	paul	sang	shore	sixties	sleepy	something	teresa	using	wake	wrong
called	hill	mockingbird	place
58	8th	along	basco	beginning	brother	fellow	ginnie	ginny	going	grade	graduated	havu	knew	maddox	name	nickname	older	once	other	sang	skip	skipper	spelt	students	teenage	together	virginia	walter
america	anymore	found	icon	rip	singers
another	recordings
lady	mind	peace
cheezoid	complex	glad	likes	lol	something	superiority	wrong
brewer	cleaning	growing	hearing	house	sounded	teresa	use
teresa
father	page	patti
book	dynamite	oldies	replaced	singers	topped
72	bought	im	off	reach	record
75	last	playing	todays	youth
gentle	sweetest	teresa
big	brewer	fan	father	kinda	lady	named	partial	sharing	teresa
docambra	give	notice	permission	remain	wouldn	youtube
billy	darling	heaven	jillian	least	place	playing	week	whole	wide	youtube
earth	heaven	ll	nearest
almost	billy	earth	handsome	sings	unbelievably
any	billy	copy	eckstine	gras	mardi
billy	eckstine	full	hearing	melancholy	nostalgic	warm
sarah	unique	vaughan	voices
76	gives	goosebumps	handsome	re
close	eyes	follow	perfect
1954	another	billy	called	eckstine	hit	single	timeless	top
handsome	heavenly	looks	met
billy	cardiff	concert	eckstine	met	sixty	together	uk	wales	went	wife
another	exquisite	justice	mans	posting	remarkable	unique	words
gem	posting	share	superb
teen
posting
any	male	recordings	sinatraphile	truly
billy	fabulous	underrated
1970	any	history	knew	lived	magic
any	exquisite	mandolin	piece
anybody	guy
1950s	alive	beach	bet	billy	boy	early	eckstein	golden	island	lido	live	parents	room	sounded	sounds	standing	took	tour
50s	bye	club	impersonate	kyrill	morgan	mr	trinant	use
renamed	rendition	should
blood	carlos	flesh	movie	thompson	tune
50s	family	nostalgic
difference	hearing	keep	noisy	romantic	true	tunes
along	boone	clearly	danial	door	ed	green	hilarious	oddly
1962	ames	boone	born	character	connect	daniel	didn	ed	later	mingo	niece	playing	quite	series	until
11	17	18	baby	granddaughter	nine
end	head	musical	slap
1989	around	born	dance	daughter	hold	house	memory	months	precious	stumbled	sweet
almost	ames	carson	ed	hilarious	johnny	lost	manhood	show
became	before	crap	enough	everywhere	respectable	rock	roll
naughty	pop	should
2002	generations	grandparents	head	since	stuck	through
61	born	child	clever	grandfather	sang	voices
environmental	file	impact	statement	town	whirl
actually	baby	chorus	daughter	haha	sharing	step	ve	whole
12	scary
everyone	lot	should
55	born	literally	memory
ads	belong	care	donald	epic	greeted	group	hillary	message	pissed	political	trump
breath	exercise	literally	needs	says	son
adult	adults	beings	bringing	brought	children	consider	future	given	hands	human	incredibly	instead	into	lies	names	new	playthings	scary	stupid	whose
baby	parents	told
2015	brain	comes	down	embedded	fifty	filtered	flooding	granddaughter	grandsons	into	later	nine	parts	since	subconscious	three	ve	yes
baby	door	exactly	guy	new	next	nine	told
cell	download	put
insinuations	lyric
50	boo	pop	pure	rock	roll	white
26	above	adore	baby	beloved	daddy	father	heaven	high	kisses	listens	thousand
believe	dislike	new
connotations	different	lady	lane	naughty	shady
almost	couple	lady	met	often	rip	ruby
happier	reminder	safer	sincere
50	60	computer	experience	sit
covey	emotion	female	fifties	singers	sixties	sweet
1952	born	entirety	lullaby	sang
15	17	accident	bike	died	friend	jimmy	motor	name	nana	scary	story
friend	goodbye	jimmy	tell
17	another	army	bitter	exact	home	join	left	memory	morning	playing	record	story	sweet	turned
boy	children	fortunately	going	goodbye	haven	jimmy	kid	later	married	named	older	raised	sang	say	sharing	since	sister	started	steady	two	until
23	brother	crying	died	hearts	jimmy	name	stopped	want
billy	boy	brother	far	felt	happier	jimmy	lullaby	mother	nickname	nicknamed	nonetheless	sang	sharing	since	tyke	upbeat	while
brought	danced	eyes	girls	hurts	million	tears	terribly	thinking	tune	uploading
94	bless	dry	fifty	going	hand	look	mangle	putting	seven	since	strong	through	washing
child	cry	funny	sister	thought
cry	older	sister
friend	july	left
10	badly	died	even	gone	jimmy	may	though	try
13	appeared	enjoy	posting	wanting
channel	found	guessing	jerry	posted	said	vale
commented	didn	figured	jerry	seems	vale	yes
dance	daughter	living	loves	room	says	sway	swing	weak
00	highest	leave	startled	volume
apart	arte	called	couple	el	en	fantastic	heaven	met	show	ti	work	writer
16	anyone	legendary	na	name	please	singers	type
english	later	learn	said	say	sway	thought	weak
chocolate	cigar	coffee	cuban	disturbing	draw	faster	imagination	need	partner	without
cases	few	language	new	original	translation
tech
bit	dancing	dean	down	headphones	pretend	put
new	versions
before	father	lately	listened	sang	sometimes	which
usa
shows	tv	watch
buble	dean	martin	michael	original	prefer	spanish
bottle	carnations	champaign
1950s	dickie	remembered	valentine
curtis	discovering	least	photo	pleasant	resembles	tony	youtube
50s	nostalgia
backing	dickie	didn	looking	melodic	need	singers	true	valentine
new	performance	terrific
asset	consider	corn	crooner	dickie	earned	entertainer	guy	microphones	missed	near	period	rip	sadly	silk	words	writers	writing
1958	big	charismatic	couple	crown	door	frankie	gilmorton	green	hits	hotel	local	original	sang	strength	tower	uk	vaughan
1952	1958	called	certain	comment	dickie	find	frankie	further	guy	international	male	mr	nme	poll	presley	previous	running	slot	taking	top	uk	valentine	vaughan	vocalist	vocalists	voted
billy	flowed	fury	isn	right	though	totally	unacceptable
billy	fury	predating
6rtr	germany	munster
absolutely	ernie	ford	forgotten	past	should	whenever
brilliant
crazy	mother	post
april	charts	listed	march	popular	uk
1954	55	afn	army	germany	hdqrs	hit	night	seventh	stuttgart	uk	while
younger
believe	crying	gone	oh	posting	sang	write
broken	copy	fifties	found	mine	pleased	put	youtube
high
channel	congratulation	discover	france	hello	pleasure	sharing	sincerely
ancient	break	enjoy	regret
mans	stops	texting	whose
morning	parents	saturday
kind	morning	sunday
form	greetings	netherlands
16	1963	youth	yrs
done	original	release
actress	anyone	tell
fantastic	forgot	gorgeous	hello	woman
almost	bring	eyes	tears
bring	missing	must
clasmate	danilo
10	50	60	brenda	dear	early	emotions	hearing	late	records	turn
actor	believe	crowd	end	image	movie	tragic
1963	boat	bye	decades	holds	missed	numerous	strong
during	meaningful	performing	turn
covered	mean
course	seen
end	nostalgia
30s	60s	70s	74	alive	anymore	brenda	buried	ending	forgotten	generation	historical	lee	new	sironaca	youtube
inverted	men	nowadays	once	upon	women
enjoy	even	everyday	last	treat
12	1963	brenda	lee	pretty
beautifully	bring	classical	hauntingly
hearing	melody	sends	tune
departs	everything	fades
emotional
another	greatest	oh	same
around	end	meaning	same	which
anything	done	everyone	forgets	help	hoping	lol	meaningful	might	outstanding	pay	person	put	repay	say	sees	selected	shots	single	together	wanted	work
10	11	booming	foley	gal	introduction	red	sure	tv
brenda	lee	youtube
flies	oh
crap	felt	holy	next	right	serious
seen	tube
anything	backwards	currently	enriched	era	exchange	fact	forwards	garbage	goes	going	issues	kids	lives	matter	previous	teen	terrific	tune	wise
actors	index	interesting	movies
relevant
1963	high	senior
13	1963	explosion	happening
change	communicate	fans	knowledge	lady	language	sironaca	voices	without
effect	enough	funny	including	relationships
brenda	davis	didn	exposed	grew	skeeter	soul	until
brenda	crush	lee	lol	older	two
10	big	bless	chart	found	later	sister	sisters	take
magic	sway	technique	weak
bless	dean	martin	may	soul
artist	brilliant	everlasting	greetings	ireland	youth
davis	hard	skeerter
dance	down	failing	fight	headphones	platform	train	trying	urge	waiting	walk	xd
gold	pure
2006	broke	down	left	sixties
bs	democrat	everytime	sound	spewing	starts	violins
ends	guess	human	knowing	literally	lots	meant	nostalgia	reasons	someone	suppose	toddler
cancer	early	growing	lord	sister	took
bring	thankful	youtube
darkness	different	flower	guess	interpret	light	rising	sun	talk	things	words
50	apart	clock	drifted	gail	turn
child	especially	fantastic
60s	70s	attraction	beauty	faces	full	natural
film	grow	hit	knowing	stars
appreciate	green	listener	sings	youtube
artist	birds	clip	mean	movie	showing	sings	snow	stars	storm	sung	two
during	hanged	lived	lol	mind	probably	racism	sometime
big	single	understand	word
heartbreak	pain	sound	suckers
2019	70	asking	bringing	lived	seirus	station	which
2019	60s	70s	november	remembering	take
another	dreams	kind	magical	mesmerizes	nostalgias	soul	spell	word
fav	late	lonely	sister
handsome	look	past	present
romantic
davis	difference	feeling	least	original	puts	seeing	skeeter
intelligent	later	nicer	pretty	women
16	1963	cry	youth
adore	nostalgic
cherish	moment	reason	should
screen	silver	stars
1963	63	accident	also	avery	bad	basketball	big	brenda	champs	dear	devistating	died	friend	graduation	grandfather	high	junior	kennedy	lost	night	part	president	second	senior	shoot	since	small	state
although	bogged	breaks	down	everything	feels	live	recover	relationship	says	things	true
actors	brilliant	compilation	compliments	genius	greatest	hard	pure	screen	silver	sironaca	work
absorbed	knew	may	sang	sleep	understood	word
enough	liked	meaning	understand
able	add	addition	alan	barrymore	clift	credit	dean	didn	extra	few	ford	glen	golden	half	hollywood	james	john	ladd	list	men	montgomery	movie	name	offhand	past	picture	re	running	shown	someone	sophia	spencer	stars	stills	stumped	though	tracy	veronica	wayne	without	women
across	cement	child	hardened	since	stumbled	ve	wet
1963	50	barber	cents	during	haircut	home	morning	paid	plus	saturday	shop	sitting	snowy	sounds	tip	waiting	went	winter
dedicated	tara
let
nostalgia	pictures	sweet
60	early	omg	please
ability	express	meaning	point	things	unable	understand
11	2014	car	grandfather	heaven
also	belief	nothing	reflects	without
advance	anyone	comment	corresponding	does	movies	pictures	please	tag
1963	27	cause	incredible	kind	living	missing	released	saying	ve
56	during
planet	thought
abandant	blessing	divine	eternal	grace	hard	promise	receive	recognition	reward	selves	through	waiting	welbeing	welfare	work	working
anything	doing	sounded
automatically	bethesda	fallout	gaming	personally	playing	started	until
brother	elder	fantastic	popular
goodnight	listened	thankfully
gold	recommended	youtube
actress	anyone	background	cigarette	clip	does	glass	hand	holds	name	photo
anything	broken	hearts	help	hurting	mended	sorry
brenda	collection	dopamine	hit	however	lee	otherwise	outstanding	place	seems	singers
names	photos	posted	recognized
angst	challenges	child	teenage
assured	forgotten	list	rest	restore	sorry
1992	2015	55	71	died	parents	witch
slides	stars
iconic	images	job	movies	perfect	seen	sironaca	special	ve
13
cruise	dances	everything	generation	goes	head	living	moms
emotion	full	loving	person	true	yes
grade	hope	kind	maggie	moved	oh	shortly	th
150	blame	boring	cookie	crop	cutter	duration	emotion	entire	fry	mph	re	singers	teachers	use	vocal
experienced
actresses	distinguish	gone	look
actress	anyone	close	dark	does	face	featured	haired	half	through	youtube
34	car	im	oldies	others	station
angel	anyone	dynamite	men	peace	second	sent	voices	women
emotion	interpretation	lot	woman
angel	dreaming	human	slap	wake
expressions	face	fits	new	pictures	put	story	tell	whole
bring
60s	70s	80s	bodies	bouncers	dances	didn	drugs	each	favourite	gone	high	missing	money	mutilate	night	other	ourselves	park	parties	piercings	police	refreshing	respected	rock	spend	summer	tattoos	tenderness	youth
around	chen	end	genuinely	peter	sung	touching
anybody	ooh	pain	reminded	same	sweet
briefly	feeling	glad	joy	leave	left	shared
both	boyfriend	friend	kept	playing	shame	stole
woman
moments
boarding	children	choice	comes	due	felt	grandchildren	hoping	looking	mind	money	mother	nor	sharing	thirteen	visit	windows
bring	sure
dumped	emotions	full	girlfriend	loss
absolutely	gut	hit	lot	monumental	quite	sang	sorry	unusual	ve	which	wrenching
40	hit	top
arrangement	distraction	huge	images	jumping	poor
evokes
yes
brilliant	changes	even	everyone	happen	happened	lost	things	thinking
13	1960	ageless	already	appreciate	artists	connie	francis	knew	others	parents	taught
boy	high
changed	during	glad	gorgeous	handsome	history	human	humanity	knew	men	movies	must	pity	say	wise	women	word	worse	youngster
lonely	medicine	oldies	ones	parents
marvelous	moments
happened	memory
bless	brenda	child	lee	marvelous	may
before	touching	words
full	give	melancholy	sorrow	use
million
nostalgic	sounds
devastated	does	feels	stops	yet
before	believe	forgive	instantly	missed
missed
ate
boy	father	find
believe	dynamite	few	modern	perform	superb
couples	heavenly	legends	overlapped	screen
2018	even	marvelous	moments
2018	dear	remembering	sironaca
kind	melody	performance	unbelievable
anymore	barely	brenda	favorites	fifteen	goodness	heartstrings	herself	hit	home	lee	list	reality	sang	set	sure	torch	understood	younger
asking	bless	dear	friends	offering	protect	wherever
absolutely	eyes	story	tears
apart	ll	meaningful	movie	powerful	soundtracks	understand
forgot	memory
compared	garbage	lot	singers	todays	total
cared	teenager
bringing
67	mean	older
affair	ends	moment	separated	yes
between	fantastic	frames	off	putting	strange	sure	transition
50	brenda	emotion	feeling	full	heaven	lady	sounds	tire
17	1962	56	along	friends	going	korea	memorize	popular	speakers	through	town
12	1963	alabama	allowance	anything	brenda	buy	case	cent	couldn	earnings	earplug	else	everyday	fair	greater	gulf	japanese	lee	meet	minute	mobile	night	performance	performed	records	single	sleep	state	stayed	transistor	went
37	emotional	goddard	paulette
brilliant	choir	ear	left	middle	million	perfect	piano	right	stereo	strings
against	battle	ensues	glorious	gun	last	misunderstood	stand	tyranny	vigilante
1963	dates	doze	early	hope	off	right	snow	snowy	south	upper	winter
actress	fantastic	woman
bring	catchy	simpler	tune
awesome
flows	opinion	original
almost	classy	describe	horny	nowadays	rebellious	romantic	story	which
called	dynamite	lil	shes
14	15	around	contest	danced	dancers	early	part	party	philippines	romantic	sister
brenda	davis	does	emotion	job	originally	same	skeeter	sung
cant	greats
same	stays
everyone
53	anyone	certainly	does	film	fits	star	superb
70	benson	reason	robbie	tune
brought	sears
almost	female	rock	roll	vocal
40	anybody	cute	recognize	unforgettable	woman
child	comfortable	command	concert	deliver	ease	effortlessly	flat	presence	prodigy	seemed	signature	special	vibrato	vocalist
baby	boomer	doubt	era	experience	ones	post	sadly	same	seem	shame	war	yes
add	black	coupled	easily	effect	enhance	gone	hey	magic	moodier	pace	photographs	plaintive	sadder	slower	sparkle	white
audio	create	say
oh	simple
backlash	peers	social	worry
books	english	learn	messages
didn	english	even	learned	oh	though
70	does	during	early	flood	germany	mind	stationed	usaf
either	grandpa	send
commercial	hilarious	samsung	somehow	until	which
brought	child	commercial	sweet	tv
ex	rides	sunday
newcomers	older	retarded	sound	turn	wonder
although	cupcakes	didn	film	hot	mellowed	nostalgia	other	saw	soundtrack	summers	teenager	wanted
another
40	brought	sears	which	words	yesterday
glory	jeans	morning	put	soon	wakes
funny	gets	jackson	legend	michael	regarded	though
evokes	gone	timeless
distant	gone	hearing	hope	however	karen	lives	lost	new	ones	past	through	totally	while
another	chinese	deeply	english	forget	memory	nearly	say	small	teenager	town	twenty	two
1970	70	backyard	kind	outside	own	patio	playing	sitting	softly	stations	sun	wonder
also	behind	co	crap	crowd	himself	history	knew	look	plus	rest	sadly	sell	stage	tunes	which	wrote
band	round	someone	sound
70s	awesome	cant	kid	knock
cds	dustbin	gary	glitter	into	probably	throwing
gang	leader	lol	want
everybody	excuse	honest	liking	nonce	re	rest
father	morning	mother	sung	while
albums	friends	precious	teen
care	done	remains	same
kid
oldies	past	tears
committed	crime	discussing	enjoy	sick	without
group	holds
aunts	dance	house	livingroom	record	stereo
16	incredible
funky	gen	instruments	parents
any	cool	exceptions	few	find	frankly	meaningful	nicely	nowadays	performed	rhythm	seventies	significance	signified	something	sort	tunes
1976	certainly	dances	find	hard	memorable	records	smile	stand	tracks
black	brothers	community	group	living	moving	perform	shows	stay	swoon	talent	tavares
amazingly	gorgeous	titans
lady	special
certain	scene	supernatural
car	fire	star	titans	waking
70	definitely
india	kind	series	titans
1977	9th	fell	grade	graduation	high	john	jr	summer	wannamaker
19	australia	camping	cassette	deck	fishing	gets	glimpses	lonely	north	nostalgia	older	passes	past	playing	quickly	remote	sometimes	though	through	twin	western
76	conversation	dance	drink	fantastic	hold	intro	mobile	phone	right	seen	summer
college	dream	graduated	ibm	job
marvellous	miracles
fade	taking
chester	pa	sweet
around	playing	right	sharing
70s	box	bring	cd	damn	danced	kid	listened	room	worry
hearing	homesick	oldies
structured	ve
curious	living	members	original	tavares
40	angel	comparing	idea	listened	merry	perhaps	yester
14	45	disc	home	penny	player	record	rpm	save
bought	supernatural	yeah
angel	around	creation	foundation	moral	principle	reason	values	wings
driving	grade	playing	riding	son
dance	dancing	disco	era
28	beach	car	fell	felt	grandma	memory	summer	sunny	thats
12	1976	70	aged	belts	disco	funfair	holiday	minehead	nearly	off	records	safety	spinning	summer	thrown	waltzer
angel	arm	around	beegees	beethoven	boat	couples	cruise	dancing	disco	elaborate	even	fever	fifth	fires	gorgeous	heaven	imagination	instrumental	kissing	lot	missing	must	night	princess	romantic	saturday	say	sea	ship	shoulder	though	walking
artists	group
cannot	handsome	look	sound	stil
18	1976	taken	want	whenever
actually	dancing	fun	soul	train	watching
15	70	actually	air	angels	behind	blue	brand	called	crowd	eagle	entire	fighter	flight	flying	introduced	jet	large	new	perform	pilot	plane	routine	saw	show	speakers	strike	through	went
golden	pleasure	priceless
10	47
bbc	chicago	dancing	disco
band	college	drum	excellent	horns	line	percussion	perform	show
appear	generation	new	nostalgia	want
2019	dec	greetings	mabuhay	northern	part	philippines	reminiscing
20	before	extreme	karen	longing	nostalgia	period	reason	rip
across	bring
beat	beautifully	cancer	carpenter	close	cry	doing	each	friend	haven	hope	identical	joy	karaoke	karen	last	liked	lost	remind	said	swear	talked	touch
18	die	honestly	kind	lol	masterpiece
changed	gone	looking	rather	seems
memory
awesome	material	nostalgic	sweet	tune
boy	chinese	freedom	grandma	mcdonald	missed	want
kid	want
carefree	cry	kept	places	remain	reminded	right	things
70	funner	less	simpler	tech
2019
car	carpenters	riding	tunes
everything	jeez	parents
70s	early	growing
07	1977	2019	august	carpenters	exactly	husband	met
57	fast	looking	teenager
gold	matter	remain	timeless
19	cassette	cassettes	change	collection	growing	keeps	nostalgia	playing	tape	through
50	cry	license
2016	22nd	daughter	july	remembering
2019	29	dated	impossible	june	lane	lot	memory	owed	pay	taught
nostalgic
2019	29th	48am	dubai	full	june	unforgettable
cried	elementary	feeling	flies	getting	listened	quite	stronger	understand
cause	crying
15	brought	eyes	friend	reminded	sang	since	tears
anymore	anything	before	changed	fast	fix	innocent	oh	past	person	re	relive	tears	things
50	60	70	alive	comment	common	doing	everything	eye	find	gives	gonna	goosebumps	ha	internet	isn	leave	ll	maybe	nostalgic	since	sometimes	teary
2018	august	cry	la	nonstop	sha	shines	since	woah
arrangement	boy	drum	oh	perfection	sweet
comment	eyes	future	leave	ll	tears
27	97	around	died	flash	grandma	missed
bring	floods	head	hearing	lot	off	playing	recently
2019	growing	june	nostalgia
absolutely	apologies	bad	blow	grammartical	habit	melody	mistakes	relaxed	secondary	send	since	steam	student	want
crying	eyes	killing	tears
earth	heaven	shine	shined	ya
18	although	backseat	car	english	even	kindergarten	learned	means
africa	east	kenya	teenager
1973	angel	carpenter	karen	may	mother	rip
2019	born	others
50	60	70	73	80	although	angel	big	called	contemporaries	course	friends	glad	graduated	hs	knew	oldies	sisters	teen	words
falling	rain
16	1st	68	compare	fast	flies
kindergarten	past	teacher
awakened	dream	scared	vivid
cry	hold	legends	myself
12	51	boy	bring	changed	high	junior	smiles	tears	teenage
10	least
14	died	grandmother	nostalgic	remembered	which
along	bring	cry	grow
finally	find	tons
carpenters	even	gets	perfect	privilege	representation
bag	beaten	birds	cat	morning	natural	paper	pure	singers	sounds	spring	talent	type	unlike	wake	whose
expensive	iconized	something
20	born	browsing	father	found	teenager	while
mp3	player	remembered	since
beside	longing
1973	64	greatest	hit	september
everytime	kid	kind	musics	parents	traveling
clearly	comeback	noise	omg
night	since	sleep
brought	cassette	kid
1970s	early	elementary
controls	each	note	notes	quality	should	sound	unimaginable
born
blocks	box	comments	hey	move	please	sort	texting	youtube
cried	getting	healthy	older	realized	return	sell	stay	ticket	want
2019	bring	hahaha
clear	english	karen	mother	nowadays	pronunciation	rare	sings	tongue	understand	which	word
breaking	cry	part
bit	cry	hell	mean	surely
abroad	appreciate	english	find	looking	lyric	spend	studying	understand	without
bless	comment	family	may	read
40	before	behind	beloved	friends	leaving	memory	nearer	past	unforgettable	which	while
15	crying	damn	kinds	likes	reincarnated
60s	backing	born	enjoy	oh	sometimes	vocals
butter	cant	describe	honey	running
calmness	comes	feeling	happiness	smile
1970s	40	able	afford	already	band	break	broadcasted	carmen	castes	china	conservative	enough	faction	firm	image	iron	memory	player	poor	rules	streets	strong
auto	era	form	funny	generations	grandparents	introduction	lest	listened	listeners	look	parents	say	true	truer	tuned	youth
36	cry	karen	lost	painful	sadly	weird	yesterday
choir	glad	head	learn	lol	stuck
close	different	eyes	yesterday
baby	carpenters	damn	hit	lol	loud	lullaby	sang	tape	yes
top
anymore
1973	46	along	canadian	carole	dating	experienced	flautist	free	french	lives	once	others	place	responsibilities	student	thats	through	transports	yesterday
ones	remains
daughter	likes
30	boy	mind	primary	romantic
art	artists	brilliant	develop	given	millions	museum	piece	pleasure	vocal
clear	colorful	die	karen	unique
deceased	nostalgia	sentimentality
kid	memory
goes	memory
became	cause	crush	favourite	friends	home	knowing	name	repeat	search	talking	without
before	biggest	carpenter	effortless	far	inspiration	karen	own	performing	practice	pure	recordings	use
born	clearly	creation	credit	documentary	even	geniuses	gift	given	iconic	learned	responsible	style	success	two	watching
down	female	greatest	hands
12	begin	girls	myself	romantic	romanticism	said	vision
behind	carpenters	couldn	introduced	karen	left	putting	repeat	stay
nonsense	timeless
car
cruel	darkness	short	surrender
70s	bad	billboard	brown	kept	leroy	pop	possibly	pretty	rock	slot	stupid	written
30	32	another	believe	combination	credit	depressing	deserved	duo	emotion	emotions	feeling	female	guess	hits	imagine	into	musicians	personally	probably	put	relate	richard	said	sang	through	truth
1974	album	around	arrangements	bringing	brothers	cathy	fell	floor	house	karens	living	masterpiece	neighbor	none	player	pop	princess	record	room	sat	second	singles
40	brother	children	hearing	younger
artist	break	kind	live
forget	grade	sixth
attention	bring	disease	disorder	eating	even	foundation	lost	name	needs	prevalent	question	should	society	soon	superstars	tragedy	two
course	drum	famous	oh	splendid	track	work
any	appreciated	game	may	movie	recall	reference
anyone	please	share	similar
already	dare	even	into	tears	watching
die	hard	youth
bring	happiest	memory
grew	touches
once	yesterday
friend	mean	sounds
decency	meaning	once	yesterday
also	bad	sleep
cry
before	car	door	drive	hang	movie	movies	sounds	speaker	window
asleep	crying	fell	sister	started
ironic	must	tears	voices
once	want
1973	45	along	australian	cargo	coast	communication	composition	destination	headed	melbourne	mesmerized	purchased	reaching	receiver	record	rpm	sailing	ship	station	store	style	suddenly	thing	unknown
2019	anyway	likes	listens	sings
attention	beating	bless	clean	crap	draw	garbage	karen	live	others	resort	themselves	without
70s	fresh	give	missed	sadly	sounds
afternoon	cassette	sunday	vibes
ages	describe	emotion	feeling	perfection	smooth
seen
10	almost	everytime	kid	listened	piece	since
5th	certainly	cried	elementary	english	grade	sure	waiting
gone	melted	once	re	yesterday
attention	big	century	coming	desoto	everytime	face	father	grabbed	half	honestly	karen	later	left	liked	nearly	rich	riding	say	seat	smile	soon	truly	yours
80s	happiest
eyes	few	others	tears	touches	typing
bringing	karen	lots
detailed	evergreen	everything	moving	musics	quick	rip
1969	1973	album	anyone	bought	early	far	lot	mother	single	singles	touch	vocals
darn	eyes	onions	put	running
familiar	rhythm	take
clearly
actually	family	friends
backs	future	hope	look	service
admit	generation	grew	ll	part	wasn
1973	almost	beach	fl	ft	once	spent	two	vacation	walton	weeks	yesterday
cry	even	friend	lost	once	show	yesterday
however	put	soul
grandparents	hanging	kind	parents
fond	golden	top
also	bringing	cousins	didnt	doing	down	drive	emotions	fill	gone	hey	innocence	karen	kids	lane	memory	nuts	record	records	rip	seems	soon	spin	trip	weekends
changed	line	rather	reversed	seem	strike	vietnamese	want	which	words
believed	brought	check	cover	free	lot	means	ones	page	please	slow
alone	happened	hip	hop	put	rap	together
cry	remind
1973	date	lingers
any	cover	feedback	give	hope
bankrupt	brother	hope	lived	off	problem
bring	gone	grew	shame	types
1st	70	background	chorus	comma	half	melody	name	noticed	piano	riff	says	shines	sings
70s	growing	kid
disliked	taste
1960	2018	40th	bkk	born	europe	friend	missed	till	use
truly
20	close	express	eyes	last	meet	missed	single	till	ve	words
bring
kid	use
imitated	once	resonance	totally	unique
1976	6th	class	during	glasgow	grade	hansen	montana	teacher
gave	speak	team	themselves
clear	crystal	else	melancholy	recreate	remarkable
casper	change	key	recorded	ride	ticket
album	christmas	favorites	grew
dear	friend	weekend	wishes
anyone	laugh	liking	thought
clearly
bringing	finally	found	let	parents	part
artist	beautifully	fantastic	female	find	match	written
absolutely	devastating	down	loss	sends	shivers	spine
affluence	disturbing	era	masterpiece	necessary	richness	state	things	valued
excited	knows	night	same	say	thing	thought	want	work
heaven	introduced	mother
industry	loss	tragic	unique	voices
bloody	drums	era	fantastic	heartfelt	lost	pretty	problem	recluse	sadly	say	soulful	unheard	wanted
meta	realized	something
birth	death	perception	sorrow	suffering
feeling	nostalgic
2018	clearly	memory	natural	once	talent	yesterday
almost	apologize	charge	completely	discharged	phone	preserve
000	100	around	bankrupt	barbados	becomes	billion	billions	business	carlos	comes	company	concern	concerns	director	dollar	fall	friend	further	goes	hinds	holders	invest	king	lawyers	managing	nothing	peter	share	suicide
height	left	prime	talented
anymore	singers	timeless	truly	wonder
another	behind	clear	damn	effortless	ended	enjoy	karen	left	lot	rip	seemed	soon	taken	woman
1970	beneath	carpenters	earpiece	guam	june	landing	landscape	late	memory	playing	unfolded
around	child	fabulous	oh	seaside	trips
please	take
anymore	crazy	laugh	listened	recall	things
cry	listened	missed	strongly	understand
able	arranged	brother	crafted	credit	enough	gets	quieted	repackage	richard	shame	soon	wonderfully
10	15	60s	earlier	early	funny	look	relate	reminiscing	teenager	younger
both	early	left
before	soul	touches
anymore	bad	thing
40th	already	once	yesterday
album	car	finally	found	grandpa	japan	listened	oh	shalalala
afternoon	middle	plays
400	bought	btw	carefully	curios	daughter	doll	dollars	find	googled	indeed	karachi	listened	low	pakistan	part	preset	quality	rupees	sound	words
into	making	myself	night	stop	tears
30	competition	during	emotions	finding	forgot	growing	lived	memorized	past	singers	tears	yesterday
close	feeling	five	into	matter	seconds	tears
early	flashing	keep	mind	seventies	whenever
actually	against	chinese	countries	different	doesn	each	english	fight	humanity	kid	loves	other	races	said	something	till	together	ugly	understand	weeping	which
body	melodious	sings	sweeter
changed	gone	looking	rather	seem
cant	father	found	gradually	help	kid	room	stop	tape	tears	understand
affordable	among	bought	brand	buy	cheap	cool	current	display	easter	egg	enough	even	feature	gather	higher	included	inside	lacks	managed	money	mp3	ones	player	sadly	something	sorts	struggling	teenager	usb	which
expect	gives	goes	listener	past	quickly	recalling	serenity	silence	yesterday
act	allergies	died	everytime	eyes	lose	start	watering
asking	blacklane	bolt	boot	car	class	even	fresh	into	off	pie	sense	shove	steamer
america	another	comment	nam	saw	viet
couldn	depressed	done	everything	fixed	help	nothing	sadder	undo	wished	yourself
appreciate	due	eighteen	eleven	family	knew	listened	melody	pain	resonate	strongly	struggling	studies	ten
30	awakening	chopin	cried	ending	kate	last	minutes	monday	reading	straight	while
latina	mixed	pretty	race
alive	felt	stell
90s	child	house	incredible	sounds	track
accent	although	dc	lol	moan	southern
2019	disco	even	fresh	house	often	shows	sounds	timeless
14	bell	concerning	end	fashionable	guess	hair	same	shape
black	either	fantastic	mixed	race	thought
ballroom	capital	dancing	disco	dj	edwards	friday	greg	jesus	london	lyceum	night	radios	town
1980	1981	90s	attempts	dead	declined	disco	july	lived	rapidly	revival	short	totally
lots
especially	feeling	happier	itsliverpool	liverpool	low	making	track	tune
3pm	brother	busting	everyone	flick	friends	handball	high	home	neighborhood	playing	saturday	shaw	tail	until	watch
doing	done	dream	gifted	lot	tender	wonder
25	anyone	before	business	couldn	dance	hair	mess	million	oh	other	popular	presence	retired	seen	show	showed	stage	things	wasn
birmingham	blades	silver	sundays
14	15	bar	barman	feed	jukebox	keep	knew	playing	pop	uk
adorable	also	beyond	complexity	nuance	yet
11th	2019	absolutely	july	playing	rip	saddest
band	bringing	darlington	done	england	fabulous	shirley
also	band	due	enough	full	fully	hits	knew	lived	maybe	mostly	popular	problem	rated	say	stay	together	underappreciated	underrated	understand	yes
another	beauty	black	blow	call	channel	didn	english	few	into	laugh	longer	playing	staves	super	thing	though	tire	tony	windy
1963	1965	1979	57	climb	comes	into	machine	moves	press	respects	stuff	want
another	beatles	cares	clearly	conversation	harmonies	history	hollies	level	match	part	regard	same	took	vocal
ahead	around	end	guys	harbor	hey	horn	instinctively	into	kinds	laugh	looking	looks	nash	noticed	often	ships	things	towards	turns	wondered	yes
band	clapping	crazy	everyone	fantasize	going	guys	laugh	playing	told
60s	before	born	captial	gold	grow	harmonys	sunday
1966	67	anybody	before	beginning	both	ears	else	familiar	following	hearing	hey	hollies	melody	might	miles	minds	other	parallel	seems	ve	versa	vice	whispering	wondering	wrote
1966	45	among	bought	certainly	exciting	faces	full	genuine	harmonies	hollies	perfect	perform	player	pleasure	record	rousing	singers	smiles	soaring	teenage	thirteen	tired	watch
bobby	drumming	drums	elliott	hollies	immediately	oh	older	perfect	playing	records	say	sisters	struck	teenager	tried	twenty	while	yes
carl	nostalgic
any	attention	before	course	paid	ve
150	actually	attack	future	herbert	hitler	next	novels	predict	predicting	predictions	pretty	series	shape	soviet	start	things	tried	union	wells	went	wrong	wrote	wwii
band	commented	gas	kid	register	station	stopped	store	system	tune	yesterday
bad	band	camera	deserved	dominates	equal	especially	face	instruments	lead	members	other	recognition	since
14	agree	british	grew	invasion	matter	person
10	45rpm	bringing	brother	home	record	yardbirds
british	fast	high	invasion	slipped
against	anti	beatles	beginnings	burn	doob	establishment	guard	guys	high	kids	protest	revolt	soldiers	sort	thing	wanna	witnessing	youth
12	1966	ahead	cats	deserved	given	musically	priceless	props	rightly	yardbirds
anyone	brilliant	compare	cooler	future	guys	may	soldiers	tomorrow	without
already	biography	crossed	fans	few	making	mind	sure	tell	themselves	two	write
afraid	answer	expert	give	guitarist	looks	may	right	straight
80s	anybody	beatles	else	getting	influential	into	ironically	likes	once	saw	sounding	started	stop	thing	tunes	type
timeless
husband	met
actually	admit	before	blown	embarrassed	listened	took
audience	checked	doc	doesn	dream	hypnotizes	might	need	puts	race	seen	single	state
agree	albums	awesome	books	brother	few	freaking	handsome	history	intrigued	library	millions	peace	presley	read	records	rest
anyone	apparently	birth	died	dude	end	gospel	jesse	late	named	resemblence	seen	striking	tomorrow	true	twin
elders	gives	headache	honest	nowadays
air	before	lot	popular	senior	summer
agree	crap	gang	garbage	gonna	gucci	king	let	magnificent	new	person	please	replace	right	rolex	rude	seriously	sounds	wait
beach	dance	dream	hawaii	partner	wanna
4th	selling	single	worldwide
child	compassionate	confessing	each	feelings	filled	flashbacks	italy	living	other	southern	street
heaven	kid	sung
born	circle	comment	dont	generation	jerk	kids	ones	re	section	smart	thing	wrong	youtube
20th	artists	century	guys	mail	medal	recognizable	special	sure	want
carefully	kind	story	tells
car	remind
brought	glad	guy	hearts	king	lived	lives	musician
charming	mother	must	naples	original	say	speak	tongue
17	40s	50s	60s	alternative	basic	bold	compared	conclusion	currently	existent	experience	explicit	fossils	group	historic	however	illicit	isn	modern	non	others	past	points	pretty	profane	realise	taste
awesomeness	benson	brilliantly	george	glen	pure	sang	take
2019	2040	80s	another	evoke	evolution	milestone	response	similar	sure
party
creation	evergreen	melodious	romantic	sweet
cassette	horrible	listened	quality	recorded	recorder	teenager
80	remembered
matter	repeated	same	tired
anymore	behind	broke	crazy	decide	dizzy	everytime	excitement	exciting	fear	look	night	person	running	seen	star	stop	ve	yes
born	gentle	innocent	pure	sexuality	violence
almost	change	feeling	gonna	months	nothings	read	strong	wuv
15	1998	22	boyfriend	husband	last	send	since	together	valentine
aren	bullshit	give	materialistic	true	written	wrong
down	gave	person	romantic	thumbs	want	wrong
1988	anymore	appreciated	backup	change	era	especially	fool	going	having	incase	may	might	nothing	otherwise	plan	ready	sacred	thought	track	true	upload	via	without
80	90	youth
dance	during	lasted	lot	sister	wedding
afternoon	anyone	beach	breeze	california	cool	dress	faded	floaty	lady	late	levis	linen	refreshing	romantic	sand	shirt	suggestive	summer	walk	white
lady	say	says	true
fantastic	new	should	someone
gone	nothing
1985	80s	find	into	looked	released	swear	until
18	fast	goes
brains	deserves	despecio	humans	light	outbeats	something	swift	taylor	trillion	views	wonder	wrong
17	1987
1988	backyard	dance	friend	learning	slow	summer
breath	certain	gave	held	hug	hugs	mind	omg	thinking	tight
1987	fucking	getting	laid	looked	lot	mendes	must	shawn	ve
80s	experienced	hahaha
changes	crucifix	lets	look	okay	shirt	three
1980	certainly	focus	soft	sure	without
80s	during	especially	overplayed	perfect	weddings
40	80	90	era	experience	glad	mid	teenager
anyone	clock	else	knowing	live	ll	messed	rest	thing	turn
banger	believe	matter	missing
bring	build	machine	must	need	please	someone
call	called	deserver	evergreen	happiest	moment	priceless	thing	thousand
ask	damn	dance	dances	high	jr	nerve	someone	working
bad	believe	change	crying	going	nothing	someone
everytime	question	touch
32	loving	met	mine	reconnected	stopped
80	change	feeling	gonna	nothing	same
42	born	era	kids	lucky	nowadays	proud
1980	car	forget	kill	lady	together	wreak
bad	caught	change	detention	gonna	ll	lol	nothing	since	sings	teacher	wonder
actually	boys	call	date	jobs	living	longer	marriage	mattered	money	path	phone	place	romance	seemed	taken	things	value	worth
classics	timeless
attractive	boy	dude	huge	movie	natural	pinup	romantic	screen	seemed	side	soft	star	teenage	typical	ve
18	change	feeling	gonna	loving	married	nothing	same	says	truly	wife
2018	add	couple	didn	find	honest	idea	innocence	kid	may	seems	sung	until	weeks
met	wife	woman
brain	coming	youth
benson	called	classified	emotion	feelings	george	glen	hit	overall	popstars	pretty	sang	tune	wonder
17	1987	aren	awesome	kids	lasted	raised	together	wedding	wonder
attention	create	inside	live	snatched	taught	uncle
although	blue	budget	front	lol	lowest	probably	screen	seen	ve
aged	almost	cute	downhill	guess	guy	handsome	harder	looked	looks	middle	naturally	preserve	re	should	though	typical	ve	worked
18	1988	fond	form	leaving	party	sixth	summer
80	boy	dancing	era	girls	magic	parties
didn	family	felt	friends	last	moved	past	together
close	cry	eyes	flashback
12	beauty	gave	innocence	oh	puppy	recorded	released	serenity	stay	swore	tape
17	19	1987	30	50	almost	beach	brought	each	exactly	girlfriend	gives	incredible	lot	mind	nostalgia	other	running	same	watching
ages	anymore	wrong
80	90
especially	nostalgic
80	90	born	even	though	wasn	yet
believe	blessed	brightens	face	hard	lost	may	melts	moon	send	stars	stop	sweet	thinking	thought	thoughts	ve	wait	walker	wanna
kind	thankful	younger
17	although	didn	going	holiday	italy	restaurant	since	tv	ve
complaining	guys	ll	stop
kind
stomach	turned
chock	college	cool	curious	educator	emerge	era	full	hi	himself	imho	mederios	mr	ones	pop	prep	president	pretty	reinvent	romantic	went
behind	etc	gonna	modern	other	take
bits	chick	gone	hats	live	phone
40	boy	brought	doe	eyed	fell	flies	future	innocent	knew	must	name	optimistic	seemed	tv	watch
actually	looks	meant	something	videos
2017	cry	everytime	funny	girlfriend	hope	same
18	30	80	high	nothing	succeed	sweetheart	true	try
find	innocent	kind
beat	excellent	millennium	romantic
holiday
mix	tape
80	anymore	fun	glen	making	nostalgic	oh	recently	sweet
easy	exactly	innocent	right	says	simple	wants	woman
80s	build	machine	need
didn	grow	legendary
80s
80	brother	drive	lake	reservation	roads	sunrise	use
80s	90s	boy	changed	things
currently	going	husband	meaningful	present	reduced	sent	tears	through	tough	words
live	quite	record	sounds
14	1966	faces	fantastic	john	live	rip	scott	voices
ain	amen	anymore	gonna	peace	performance	rest	says	scott	shine	sun	talent
60s	absolutely	brilliant	brothers	escape	fire	handsome	into	ritz	saw	teenager	walker	went	wife
background	definitely	live	performed	sure	vocals
teenager
50	take
awesome	limitlessly	parallel	reincarnated	universe	want
another	beginning	cause	cockamame	dead	door	dream	idea	improvement	light	loving	lucky	mean	minute	move	rest	room	says	second	seeing	should	special	sure	true	tunnel	wait
please	take
group	live	sounds	studio
brothers	frankie	mind	must	original	recollection	slow	thinks	valli	walker	yes
fast	four	horrible	seasons	thinks
apparently	myself	need	supernatural	thought
any	anymore	gets	gonna	looking	lose	son	wife
60s	colors	down	fantastic	hendricks	hippy	jees	jimmie	john	lady	omg	place	same	screamed	shouted	uk	wearing	went
arms	downy	easily	even	fore	hair	interesting	means	scott	technology	tendons	todays	veins	vintage
60	along	appeared	association	brothers	case	comes	didn	info	interested	live	mary	original	re	realize	recording	show	smothers	sophisticated	technology	tube	yester
50	60	70	appearances	artists	band	didn	easy	engineer	even	frequently	making	need	needed	sound	studio	technique	tracks	weren	whenever
14	faithfully	marry	option	ready	scott	steady	totally	unfortunately	walker	wanted	watched
bass	cool	easy	echoed	emptiness	excellent	four	going	line	lose	lyric	musically	nothing	piano	place	re	seasons	spectorish	start	stuff	win
almost	painful	period
13	calypso	dances	doing	girls	going	hit	line	passionate	romantic
child	nostalgic
60	england	minute	ready	steady	teen	theicewitch54	watched	while
brilliant	mums
1996	60s	bought	brilliant	concert	denisex	distant	during	going	hemel	hempstead	hit	live	pav	pavillion	performed	pop	sharing	summer	top	volume	warm	wishes
further	guys	should	sound	theme	voices
grew
1966	20	ain	also	among	anymore	aren	aware	beatles	brothers	charting	club	especially	fact	fan	girls	gonna	high	hit	larger	lead	less	new	number	particularly	popularity	reached	said	scott	shine	successful	sun	teenage	uk	vocalist	walker	which
60	along	bliss	mums	right	sheer	side
1965	1966	2019	brothers	december	does	frankie	justice	label	originally	recorded	released	single	smash	successful	valli	walker
1966	certainly	changed	hair	hey	high	kicked	wearing
11	19	29	end	keep	powerful	timeless	until
beyond	eternal	idea	theme
else	father	morning	nearly	shine	smiling	somehow	sun	sure	thinking	track
2019	60	awesome	bands	brothers	else	endless	energies	era	etched	experiences	gary	gone	hearts	high	john	matters	nothing	raised	re	rip	rock	roll	scott	walker	yes	youth
000	50	80	agree	ain	alone	anymore	company	funny	garbage	gonna	itunes	marin	mr	none	put	shine	stand	stands	sun	surname	trio	walker	wholeheartedly
america	american	band	britain	brothers	due	famous	history	may	righteous	walker
alike	artistically	both	brothers	confuse	deal	deserve	groups	magnificently	masterpiece	outstanding	probably	reason	respect	righteous	sound	sung	unforgettable	walker
10	16	53	crush	feeling	found	girlfriend	hearing	heartache	later	same	sign	true	written
2019	60	attached	goosebumps	melodrama	sept	teenager
2019	28	aloud	apt	four	listens	loving	second	sept	should	three	trick
attached	big	mysterious	place	teens
gonna	head	ones	rings	shine	sun
60	couple	era	fantastic	instruments	into	missed	posting	ran	somehow	voices	weeks
10	doomsday	knowing
please	simpler
absolutely
clarity	depth	deteriorated	male	sounds	timber	vocalist
60	70	alive	felt	optimistic
definitely	even	five	tire	top
bad	create	didn	enjoy	greatest	history	master	musical	pieces	voices
break	crazy	drama	easy	meaning	take	yourself
favorites	new	timeless
dead	generation	glorious	musicians	shared	wake
60	available	beautifully	crafted	defining	equipment	era	given	haunting	moving	recording	sound
anymore	broke	eyes	going	rise	sun	tears	thought	yeah
artists	fame	generation	money	new	nobody	nowadays	sucks	touching	write
big	give	sister	wendy	whatever
each	listened	million	perfect
19	60s	additional	blows	correct	drummer	fantastic	format	headphones	hearing	hidden	kan	magnificent	mind	off	player	presenting	production	ps	record	somewhere	stereo	thru	try	uk
beam	captured	died	download	era	own	scottie	shined	since	sound	sun	yet
10	63	brilliant	cam	certainly	era	hits	tune	vocals
company	create	intelligible	orchestra	overwhelmed	record	vocals
awful	camera	clever	clip	considered	despite	irritating	microphone	obscuring	performance	perhaps	singers	work
brilliant	detract	difficult	elsewhere	imprinted	look	mind	once	seen	sound	tight	trousers
feeling	innocence	kinds	original	pure	spirted	vocals
any	arrangement	compare	doesn	few	harmony	ll	past	perfect	super
66	almost	bar	beggar	blind	box	cornell	early	forehead	george	innocent	juke	killing	kray	march	outright	playing	ronnie	sat	shot	straight	through	timeless	while	whitechapel
brought	called	crap	eyes	grandchild	tears
60s	ballads	brilliant	engel	full	given	masculine	melancholy	mid	pop	scott	throttle
brought	crazy	non	stop	teen
audio	cassette	child	rap	tape
before	going	keeping	pretty	ricky	watch
bass	bottom	does	home	miami	tell	whopper
germany	jam	stationed
wise
club	jumping
club	teen	texas
80	club
80	90	bass	classics	early	era	florida	honestly	lock	mid	say	south	through	whole
agree	any	anything	ask	cookout	family	fits	genders	generation	greatest	hey	let	muchm	other	party	races	same	seemed	situation	tell	type	ya
beat	coincide	degrade	diss	downgrade	innovate	inspire	lost	motivate	na	need	purpose	sha	want
1980s	cool	guy	lil	look	oh	wayne
80s	take
damn
called	felt	men	soft	told	try	women
2000s	90	90s	boy	dance	dancing	fiance	floor	generation	last	new	night	take
bit	email	few	information	intended	lot	months	next	schedule	solely	week	weeks
girls
beats	cant	gardens	roller	rolling	skating	top
def	down	reminiscing	rink	skating	track
ah	damn	dance	dope	floor	friends	hell	high	literally	right	shit	tear	track	use
ah	awesome	rink	skating
88	89	everybody	fl	groups	looking	lot	name	new	tyndal
1988	anyway	chance	hating	jams	kind	rapping	rocking	whatever
70	everything	say
80
70s	bath	bathing	precious	while
parents
comments	dumb	exactly	may	means	nor	other	others	say	tomorrow	twice	whatever
await	ball	dudes	imagine	leo	less	masterpieces	natural	pop	talent	tarts	wailing	written
enchanced	era	graphics	hd	simplistic	something	special	yet
end	happens	paint	pretty	wearing
cute	grandma	guy	smile	street	sweet	yes
amount	dog	included	lady	media	myself	powerful	seeing	source	sweet	twitter	unbelievable
chihuahua	dog	herman	intelligent	jack	loving	malinda	mix	owned	rescue	russell	say	sensitive	terrier
2009	6th	became	boyfriend	cassette	ex	grade	husband	late	later	lol	pass	sent	since	use	whenever
80s	car	deceased	didn	each	getting	give	hard	knew	mother	other	something	turn	usually
1980	40	blink	cat	doggo	early	enough	even	existed	eye	feels	forgotten	gives	ish	lady	live	ll	lucky	nostalgia	probably	right	saw	serenading	sweet	until	warm	yesterday
big	hit	say	words
different	find	format	prefer	seen	soothing	ve
able	beauty	bottom	delivered	measure	message	tomorrow	twice	unfortunately	weight	word	youngsters
2019	airport	broken	goodbye	high	moving	saying	state	truly
father	often	sings
2019	feels	fresh	past	relate
teenager
feeling	omg	throw
carefree	joyful	leo	remind	yes
broadcasting	corp	enjoy	excellent	srilanka	youth
advance	chorus	com	goes	hard	https	melodica	months	off	s160cdsw59ye	same	similar	something	starts	trying	ve	vocaroo
boyfriend	future	say	tell
special
30	apropos	gives	goodness	innocent	smile
girlfriend	happened	marry	new	scruffy	unattractive	wonder	zealand
2019	january	looking	next	nothing	parents	playing	seat	sister	sitting
eyes	nostalgic	tears
inhaling	nostalgia	soon
danced	high	maine	portland	roller	skated	sweethearts	wedding	wheels	wife
80s	humming	nostalgia	proud
another	around	bulls	dance	epileptic	feels	guy	look	lot	noise	seized
cars	clear	drive	late	night	relaxed	streets	tune	vibe
california	car	desert	driving	golden	imagine	moment	roadway	sunset	through	warm
dear	film	permission	re	short	sir	use	want
another	garbage	past
forget	gives	leo	memorable
father	kid	liked	moment	morning	open
14	82	danube	exactly	falling	feeling	hand	kiss	shores	summer	tied	walks
boot	looking	talented
1981	birthday	care	ladies	shelter	sister	tasmania	tassie	women
80s	any	broadcast	classics	early	era	huge	other	pop	streaming
62	chevy	driving	flatbed	forgotten	lol	middle	momma	rip	say	stood	while
mind	sweet	warms
60s	70s	80s	beat	getting	nostalgic	nothing
70	80	art	care	generation	musics	part	signers	true
sang
before	bit	breath	gather	sounds	take
another	cry	guy	mean
remind
before	feeling	fresh	gives	green	leaving	leo	sayer	single	tracks
else	gift	giving	goes	keeps	someone
dance	dancing	friends	keep	mind	physically
1980	20	different	drove	girlfriend	indiana	least	phoenix	stations
another	guy	original	thought
annoying	assume	certainly	dancing	does	himself	judging	leo	listeners	sayer	viewers
crazy	eye	fell	full	insane	loud	sometime	sorrow	tears	unsaid
1998	friend	high
action	afro	apparent	background	bizarre	bob	down	entire	hot	painting	reason	ross	seriously	throughout
1980	discos	machine	madrid	pubs
mine	missed	moons	younger
40	brought	c9	daddy	dated	film	haven	home	instrumental	myself	sweet	thought	vintage	yeah
80	adult	arranging	complete	couple	dozen	golden	later	melody	message	oldies	orchestration	other	outstanding	pull	simple	standards
countrify	course	may
bring
dislike	hits	home	right	someone	understand
alright	mate
devices	digital	excellent	far	modern	produce	rely	singers	versions	which
50	60	70	80	feelings	inside	older	place	sung	touched	understand	words
arts	class	family	fan	future	happiness	health	legenda	light	luck	musical	prof	rock	soft
growing
accepting	big	currently	dates	dudes	guy	ha	hair	im	international	mean	pink	pretty	range	suit	want
cutting	doing	gifts	giving	making	pictures
60s	70s	drives	turns
above	amount	bitter	bringing	cherished	enormous	sweet	yup
absolutely	favorites	hearing	tire
cup	extremely	isn	melting	tea
born	date	later	oh
13	boyfriend	cause	cry	field	loud	myself	reminded	trips
1980	around	boyfriends	brother	doormat	favorites	gonna	let	look	safe	sort	tell	though	use
care	clown	funny	guy	hospitals	kids	least	leo	nonetheless	others	sick	started	thinks
going	opening	painter	richard	seeing	simmons	softly	speaks	suggest	thing
afraid	someone	tell
comes	dear	friend	glad	important
1954	anyone	aware	born	captured	commented	emulate	even	gifted	grandmother	imagination	others	popular	presence	presentation	sound	started	through
21	28	bought	car	cd	crying	divorce	down	driving	ended	later	loud	marriage	rolled	turning	windows
